<?xml version="1.0" encoding="UTF-8"?>
<!DOCTYPE mapper PUBLIC "-//mybatis.org//DTD Mapper 3.0//EN" 
"http://mybatis.org/dtd/mybatis-3-mapper.dtd">
<mapper namespace="com.jubotech.business.web.dao.AdminDao">
    <cache type="org.mybatis.caches.ehcache.LoggingEhcache" />
 
    <resultMap type="com.jubotech.business.web.domain.AdminInfo" id="resultMap">
        <id column="id" property="id"/>
        <result  column="loginname" property="loginname"/>
        <result  column="password" property="password"/>
        <result  column="nickname" property="nickname"/>
        <result  column="createtime" property="createtime"/>
    </resultMap>
     
	 
	<select id="findAdminInfo" resultType="com.jubotech.business.web.domain.AdminInfo">
         select  * 
         from tbl_admininfo
         where   loginname=#{loginname}
         and password=#{password}
	</select>
	  
	<update id="pwdedit">
	  update  tbl_admininfo
      set
      password = #{password}
	  where 
	  id = #{id} 
	</update>
	

</mapper>